"filename", "language", "C++", "C", "Ini", "Batch", "Assembly", "comment", "blank", "total"
"h:\ZHUOZHUOO--Github\DreamChaser-Arm\Software\DC_Arm_Controller\Core\Inc\FreeRTOSConfig.h", "C++", -70, 0, 0, 0, 0, -79, -22, -171
"h:\ZHUOZHUOO--Github\DreamChaser-Arm\Software\DC_Arm_Controller\Core\Inc\adc.h", "C++", -12, 0, 0, 0, 0, -27, -14, -53
"h:\ZHUOZHUOO--Github\DreamChaser-Arm\Software\DC_Arm_Controller\Core\Inc\dma.h", "C++", -11, 0, 0, 0, 0, -28, -14, -53
"h:\ZHUOZHUOO--Github\DreamChaser-Arm\Software\DC_Arm_Controller\Core\Inc\fdcan.h", "C++", -16, 0, 0, 0, 0, -27, -16, -59
"h:\ZHUOZHUOO--Github\DreamChaser-Arm\Software\DC_Arm_Controller\Core\Inc\gpio.h", "C++", -11, 0, 0, 0, 0, -27, -12, -50
"h:\ZHUOZHUOO--Github\DreamChaser-Arm\Software\DC_Arm_Controller\Core\Inc\main.h", "C++", -33, 0, 0, 0, 0, -39, -20, -92
"h:\ZHUOZHUOO--Github\DreamChaser-Arm\Software\DC_Arm_Controller\Core\Inc\spi.h", "C++", -12, 0, 0, 0, 0, -27, -14, -53
"h:\ZHUOZHUOO--Github\DreamChaser-Arm\Software\DC_Arm_Controller\Core\Inc\stm32g4xx_hal_conf.h", "C++", -200, 0, 0, 0, 0, -118, -63, -381
"h:\ZHUOZHUOO--Github\DreamChaser-Arm\Software\DC_Arm_Controller\Core\Inc\stm32g4xx_it.h", "C++", -22, 0, 0, 0, 0, -34, -15, -71
"h:\ZHUOZHUOO--Github\DreamChaser-Arm\Software\DC_Arm_Controller\Core\Inc\tim.h", "C++", -15, 0, 0, 0, 0, -27, -16, -58
"h:\ZHUOZHUOO--Github\DreamChaser-Arm\Software\DC_Arm_Controller\Core\Inc\usart.h", "C++", -12, 0, 0, 0, 0, -27, -14, -53
"h:\ZHUOZHUOO--Github\DreamChaser-Arm\Software\DC_Arm_Controller\Core\Inc\usb.h", "C++", -12, 0, 0, 0, 0, -27, -14, -53
"h:\ZHUOZHUOO--Github\DreamChaser-Arm\Software\DC_Arm_Controller\Core\Src\adc.c", "C", 0, -70, 0, 0, 0, -59, -31, -160
"h:\ZHUOZHUOO--Github\DreamChaser-Arm\Software\DC_Arm_Controller\Core\Src\app_freertos.c", "C", 0, -97, 0, 0, 0, -138, -40, -275
"h:\ZHUOZHUOO--Github\DreamChaser-Arm\Software\DC_Arm_Controller\Core\Src\dma.c", "C", 0, -10, 0, 0, 0, -36, -14, -60
"h:\ZHUOZHUOO--Github\DreamChaser-Arm\Software\DC_Arm_Controller\Core\Src\fdcan.c", "C", 0, -178, 0, 0, 0, -109, -60, -347
"h:\ZHUOZHUOO--Github\DreamChaser-Arm\Software\DC_Arm_Controller\Core\Src\gpio.c", "C", 0, -29, 0, 0, 0, -42, -17, -88
"h:\ZHUOZHUOO--Github\DreamChaser-Arm\Software\DC_Arm_Controller\Core\Src\main.c", "C", 0, -91, 0, 0, 0, -108, -46, -245
"h:\ZHUOZHUOO--Github\DreamChaser-Arm\Software\DC_Arm_Controller\Core\Src\spi.c", "C", 0, -46, 0, 0, 0, -49, -25, -120
"h:\ZHUOZHUOO--Github\DreamChaser-Arm\Software\DC_Arm_Controller\Core\Src\stm32g4xx_hal_msp.c", "C", 0, -10, 0, 0, 0, -59, -28, -97
"h:\ZHUOZHUOO--Github\DreamChaser-Arm\Software\DC_Arm_Controller\Core\Src\stm32g4xx_hal_timebase_tim.c", "C", 0, -47, 0, 0, 0, -64, -16, -127
"h:\ZHUOZHUOO--Github\DreamChaser-Arm\Software\DC_Arm_Controller\Core\Src\stm32g4xx_it.c", "C", 0, -80, 0, 0, 0, -145, -54, -279
"h:\ZHUOZHUOO--Github\DreamChaser-Arm\Software\DC_Arm_Controller\Core\Src\system_stm32g4xx.c", "C", 0, -60, 0, 0, 0, -191, -35, -286
"h:\ZHUOZHUOO--Github\DreamChaser-Arm\Software\DC_Arm_Controller\Core\Src\tim.c", "C", 0, -132, 0, 0, 0, -72, -46, -250
"h:\ZHUOZHUOO--Github\DreamChaser-Arm\Software\DC_Arm_Controller\Core\Src\usart.c", "C", 0, -78, 0, 0, 0, -54, -30, -162
"h:\ZHUOZHUOO--Github\DreamChaser-Arm\Software\DC_Arm_Controller\Core\Src\usb.c", "C", 0, -38, 0, 0, 0, -43, -24, -105
"h:\ZHUOZHUOO--Github\DreamChaser-Arm\Software\DC_Arm_Controller\Drivers\CMSIS\Device\ST\STM32G4xx\Include\stm32g474xx.h", "C++", -15607, 0, 0, 0, 0, -1190, -1331, -18128
"h:\ZHUOZHUOO--Github\DreamChaser-Arm\Software\DC_Arm_Controller\Drivers\CMSIS\Device\ST\STM32G4xx\Include\stm32g4xx.h", "C++", -138, 0, 0, 0, 0, -88, -44, -270
"h:\ZHUOZHUOO--Github\DreamChaser-Arm\Software\DC_Arm_Controller\Drivers\CMSIS\Device\ST\STM32G4xx\Include\system_stm32g4xx.h", "C++", -14, 0, 0, 0, 0, -70, -21, -105
"h:\ZHUOZHUOO--Github\DreamChaser-Arm\Software\DC_Arm_Controller\Drivers\CMSIS\Include\cmsis_armcc.h", "C++", -401, 0, 0, 0, 0, -355, -139, -895
"h:\ZHUOZHUOO--Github\DreamChaser-Arm\Software\DC_Arm_Controller\Drivers\CMSIS\Include\cmsis_armclang.h", "C++", -623, 0, 0, 0, 0, -595, -227, -1445
"h:\ZHUOZHUOO--Github\DreamChaser-Arm\Software\DC_Arm_Controller\Drivers\CMSIS\Include\cmsis_armclang_ltm.h", "C++", -948, 0, 0, 0, 0, -595, -349, -1892
"h:\ZHUOZHUOO--Github\DreamChaser-Arm\Software\DC_Arm_Controller\Drivers\CMSIS\Include\cmsis_compiler.h", "C++", -207, 0, 0, 0, 0, -52, -25, -284
"h:\ZHUOZHUOO--Github\DreamChaser-Arm\Software\DC_Arm_Controller\Drivers\CMSIS\Include\cmsis_gcc.h", "C++", -1170, 0, 0, 0, 0, -620, -379, -2169
"h:\ZHUOZHUOO--Github\DreamChaser-Arm\Software\DC_Arm_Controller\Drivers\CMSIS\Include\cmsis_iccarm.h", "C++", -769, 0, 0, 0, 0, -45, -151, -965
"h:\ZHUOZHUOO--Github\DreamChaser-Arm\Software\DC_Arm_Controller\Drivers\CMSIS\Include\cmsis_version.h", "C++", -13, 0, 0, 0, 0, -23, -4, -40
"h:\ZHUOZHUOO--Github\DreamChaser-Arm\Software\DC_Arm_Controller\Drivers\CMSIS\Include\core_armv81mml.h", "C++", -1714, 0, 0, 0, 0, -651, -604, -2969
"h:\ZHUOZHUOO--Github\DreamChaser-Arm\Software\DC_Arm_Controller\Drivers\CMSIS\Include\core_armv8mbl.h", "C++", -1033, 0, 0, 0, 0, -526, -363, -1922
"h:\ZHUOZHUOO--Github\DreamChaser-Arm\Software\DC_Arm_Controller\Drivers\CMSIS\Include\core_armv8mml.h", "C++", -1627, 0, 0, 0, 0, -642, -567, -2836
"h:\ZHUOZHUOO--Github\DreamChaser-Arm\Software\DC_Arm_Controller\Drivers\CMSIS\Include\core_cm0.h", "C++", -444, 0, 0, 0, 0, -327, -182, -953
"h:\ZHUOZHUOO--Github\DreamChaser-Arm\Software\DC_Arm_Controller\Drivers\CMSIS\Include\core_cm0plus.h", "C++", -528, 0, 0, 0, 0, -346, -212, -1086
"h:\ZHUOZHUOO--Github\DreamChaser-Arm\Software\DC_Arm_Controller\Drivers\CMSIS\Include\core_cm1.h", "C++", -454, 0, 0, 0, 0, -338, -188, -980
"h:\ZHUOZHUOO--Github\DreamChaser-Arm\Software\DC_Arm_Controller\Drivers\CMSIS\Include\core_cm23.h", "C++", -1081, 0, 0, 0, 0, -532, -384, -1997
"h:\ZHUOZHUOO--Github\DreamChaser-Arm\Software\DC_Arm_Controller\Drivers\CMSIS\Include\core_cm3.h", "C++", -1051, 0, 0, 0, 0, -468, -419, -1938
"h:\ZHUOZHUOO--Github\DreamChaser-Arm\Software\DC_Arm_Controller\Drivers\CMSIS\Include\core_cm33.h", "C++", -1677, 0, 0, 0, 0, -646, -588, -2911
"h:\ZHUOZHUOO--Github\DreamChaser-Arm\Software\DC_Arm_Controller\Drivers\CMSIS\Include\core_cm35p.h", "C++", -1677, 0, 0, 0, 0, -646, -588, -2911
"h:\ZHUOZHUOO--Github\DreamChaser-Arm\Software\DC_Arm_Controller\Drivers\CMSIS\Include\core_cm4.h", "C++", -1182, 0, 0, 0, 0, -485, -458, -2125
"h:\ZHUOZHUOO--Github\DreamChaser-Arm\Software\DC_Arm_Controller\Drivers\CMSIS\Include\core_cm7.h", "C++", -1571, 0, 0, 0, 0, -576, -579, -2726
"h:\ZHUOZHUOO--Github\DreamChaser-Arm\Software\DC_Arm_Controller\Drivers\CMSIS\Include\core_sc000.h", "C++", -488, 0, 0, 0, 0, -335, -203, -1026
"h:\ZHUOZHUOO--Github\DreamChaser-Arm\Software\DC_Arm_Controller\Drivers\CMSIS\Include\core_sc300.h", "C++", -1034, 0, 0, 0, 0, -467, -412, -1913
"h:\ZHUOZHUOO--Github\DreamChaser-Arm\Software\DC_Arm_Controller\Drivers\CMSIS\Include\mpu_armv7.h", "C++", -122, 0, 0, 0, 0, -125, -26, -273
"h:\ZHUOZHUOO--Github\DreamChaser-Arm\Software\DC_Arm_Controller\Drivers\CMSIS\Include\mpu_armv8.h", "C++", -168, 0, 0, 0, 0, -135, -44, -347
"h:\ZHUOZHUOO--Github\DreamChaser-Arm\Software\DC_Arm_Controller\Drivers\CMSIS\Include\tz_context.h", "C++", -19, 0, 0, 0, 0, -40, -12, -71
"h:\ZHUOZHUOO--Github\DreamChaser-Arm\Software\DC_Arm_Controller\Drivers\STM32G4xx_HAL_Driver\Inc\Legacy\stm32_hal_legacy.h", "C++", -3316, 0, 0, 0, 0, -616, -458, -4390
"h:\ZHUOZHUOO--Github\DreamChaser-Arm\Software\DC_Arm_Controller\Drivers\STM32G4xx_HAL_Driver\Inc\stm32g4xx_hal.h", "C++", -289, 0, 0, 0, 0, -234, -108, -631
"h:\ZHUOZHUOO--Github\DreamChaser-Arm\Software\DC_Arm_Controller\Drivers\STM32G4xx_HAL_Driver\Inc\stm32g4xx_hal_adc.h", "C++", -690, 0, 0, 0, 0, -1456, -173, -2319
"h:\ZHUOZHUOO--Github\DreamChaser-Arm\Software\DC_Arm_Controller\Drivers\STM32G4xx_HAL_Driver\Inc\stm32g4xx_hal_adc_ex.h", "C++", -751, 0, 0, 0, 0, -703, -117, -1571
"h:\ZHUOZHUOO--Github\DreamChaser-Arm\Software\DC_Arm_Controller\Drivers\STM32G4xx_HAL_Driver\Inc\stm32g4xx_hal_cortex.h", "C++", -186, 0, 0, 0, 0, -181, -55, -422
"h:\ZHUOZHUOO--Github\DreamChaser-Arm\Software\DC_Arm_Controller\Drivers\STM32G4xx_HAL_Driver\Inc\stm32g4xx_hal_def.h", "C++", -108, 0, 0, 0, 0, -75, -29, -212
"h:\ZHUOZHUOO--Github\DreamChaser-Arm\Software\DC_Arm_Controller\Drivers\STM32G4xx_HAL_Driver\Inc\stm32g4xx_hal_dma.h", "C++", -450, 0, 0, 0, 0, -275, -128, -853
"h:\ZHUOZHUOO--Github\DreamChaser-Arm\Software\DC_Arm_Controller\Drivers\STM32G4xx_HAL_Driver\Inc\stm32g4xx_hal_dma_ex.h", "C++", -95, 0, 0, 0, 0, -113, -57, -265
"h:\ZHUOZHUOO--Github\DreamChaser-Arm\Software\DC_Arm_Controller\Drivers\STM32G4xx_HAL_Driver\Inc\stm32g4xx_hal_exti.h", "C++", -129, 0, 0, 0, 0, -142, -45, -316
"h:\ZHUOZHUOO--Github\DreamChaser-Arm\Software\DC_Arm_Controller\Drivers\STM32G4xx_HAL_Driver\Inc\stm32g4xx_hal_fdcan.h", "C++", -622, 0, 0, 0, 0, -634, -187, -1443
"h:\ZHUOZHUOO--Github\DreamChaser-Arm\Software\DC_Arm_Controller\Drivers\STM32G4xx_HAL_Driver\Inc\stm32g4xx_hal_flash.h", "C++", -362, 0, 0, 0, 0, -531, -125, -1018
"h:\ZHUOZHUOO--Github\DreamChaser-Arm\Software\DC_Arm_Controller\Drivers\STM32G4xx_HAL_Driver\Inc\stm32g4xx_hal_flash_ex.h", "C++", -19, 0, 0, 0, 0, -53, -18, -90
"h:\ZHUOZHUOO--Github\DreamChaser-Arm\Software\DC_Arm_Controller\Drivers\STM32G4xx_HAL_Driver\Inc\stm32g4xx_hal_flash_ramfunc.h", "C++", -15, 0, 0, 0, 0, -46, -14, -75
"h:\ZHUOZHUOO--Github\DreamChaser-Arm\Software\DC_Arm_Controller\Drivers\STM32G4xx_HAL_Driver\Inc\stm32g4xx_hal_gpio.h", "C++", -114, 0, 0, 0, 0, -164, -49, -327
"h:\ZHUOZHUOO--Github\DreamChaser-Arm\Software\DC_Arm_Controller\Drivers\STM32G4xx_HAL_Driver\Inc\stm32g4xx_hal_gpio_ex.h", "C++", -196, 0, 0, 0, 0, -108, -37, -341
"h:\ZHUOZHUOO--Github\DreamChaser-Arm\Software\DC_Arm_Controller\Drivers\STM32G4xx_HAL_Driver\Inc\stm32g4xx_hal_pcd.h", "C++", -510, 0, 0, 0, 0, -352, -130, -992
"h:\ZHUOZHUOO--Github\DreamChaser-Arm\Software\DC_Arm_Controller\Drivers\STM32G4xx_HAL_Driver\Inc\stm32g4xx_hal_pcd_ex.h", "C++", -21, 0, 0, 0, 0, -47, -20, -88
"h:\ZHUOZHUOO--Github\DreamChaser-Arm\Software\DC_Arm_Controller\Drivers\STM32G4xx_HAL_Driver\Inc\stm32g4xx_hal_pwr.h", "C++", -97, 0, 0, 0, 0, -240, -75, -412
"h:\ZHUOZHUOO--Github\DreamChaser-Arm\Software\DC_Arm_Controller\Drivers\STM32G4xx_HAL_Driver\Inc\stm32g4xx_hal_pwr_ex.h", "C++", -304, 0, 0, 0, 0, -384, -130, -818
"h:\ZHUOZHUOO--Github\DreamChaser-Arm\Software\DC_Arm_Controller\Drivers\STM32G4xx_HAL_Driver\Inc\stm32g4xx_hal_rcc.h", "C++", -1651, 0, 0, 0, 0, -914, -842, -3407
"h:\ZHUOZHUOO--Github\DreamChaser-Arm\Software\DC_Arm_Controller\Drivers\STM32G4xx_HAL_Driver\Inc\stm32g4xx_hal_rcc_ex.h", "C++", -629, 0, 0, 0, 0, -793, -225, -1647
"h:\ZHUOZHUOO--Github\DreamChaser-Arm\Software\DC_Arm_Controller\Drivers\STM32G4xx_HAL_Driver\Inc\stm32g4xx_hal_spi.h", "C++", -302, 0, 0, 0, 0, -441, -113, -856
"h:\ZHUOZHUOO--Github\DreamChaser-Arm\Software\DC_Arm_Controller\Drivers\STM32G4xx_HAL_Driver\Inc\stm32g4xx_hal_spi_ex.h", "C++", -11, 0, 0, 0, 0, -49, -14, -74
"h:\ZHUOZHUOO--Github\DreamChaser-Arm\Software\DC_Arm_Controller\Drivers\STM32G4xx_HAL_Driver\Inc\stm32g4xx_hal_tim.h", "C++", -1248, 0, 0, 0, 0, -1098, -268, -2614
"h:\ZHUOZHUOO--Github\DreamChaser-Arm\Software\DC_Arm_Controller\Drivers\STM32G4xx_HAL_Driver\Inc\stm32g4xx_hal_tim_ex.h", "C++", -1718, 0, 0, 0, 0, -293, -130, -2141
"h:\ZHUOZHUOO--Github\DreamChaser-Arm\Software\DC_Arm_Controller\Drivers\STM32G4xx_HAL_Driver\Inc\stm32g4xx_hal_uart.h", "C++", -545, 0, 0, 0, 0, -997, -204, -1746
"h:\ZHUOZHUOO--Github\DreamChaser-Arm\Software\DC_Arm_Controller\Drivers\STM32G4xx_HAL_Driver\Inc\stm32g4xx_hal_uart_ex.h", "C++", -726, 0, 0, 0, 0, -155, -49, -930
"h:\ZHUOZHUOO--Github\DreamChaser-Arm\Software\DC_Arm_Controller\Drivers\STM32G4xx_HAL_Driver\Inc\stm32g4xx_ll_adc.h", "C++", -2244, 0, 0, 0, 0, -6519, -442, -9205
"h:\ZHUOZHUOO--Github\DreamChaser-Arm\Software\DC_Arm_Controller\Drivers\STM32G4xx_HAL_Driver\Inc\stm32g4xx_ll_bus.h", "C++", -314, 0, 0, 0, 0, -1287, -80, -1681
"h:\ZHUOZHUOO--Github\DreamChaser-Arm\Software\DC_Arm_Controller\Drivers\STM32G4xx_HAL_Driver\Inc\stm32g4xx_ll_cortex.h", "C++", -191, 0, 0, 0, 0, -382, -65, -638
"h:\ZHUOZHUOO--Github\DreamChaser-Arm\Software\DC_Arm_Controller\Drivers\STM32G4xx_HAL_Driver\Inc\stm32g4xx_ll_crs.h", "C++", -231, 0, 0, 0, 0, -461, -90, -782
"h:\ZHUOZHUOO--Github\DreamChaser-Arm\Software\DC_Arm_Controller\Drivers\STM32G4xx_HAL_Driver\Inc\stm32g4xx_ll_dma.h", "C++", -757, 0, 0, 0, 0, -1660, -162, -2579
"h:\ZHUOZHUOO--Github\DreamChaser-Arm\Software\DC_Arm_Controller\Drivers\STM32G4xx_HAL_Driver\Inc\stm32g4xx_ll_dmamux.h", "C++", -618, 0, 0, 0, 0, -1282, -107, -2007
"h:\ZHUOZHUOO--Github\DreamChaser-Arm\Software\DC_Arm_Controller\Drivers\STM32G4xx_HAL_Driver\Inc\stm32g4xx_ll_exti.h", "C++", -265, 0, 0, 0, 0, -1064, -94, -1423
"h:\ZHUOZHUOO--Github\DreamChaser-Arm\Software\DC_Arm_Controller\Drivers\STM32G4xx_HAL_Driver\Inc\stm32g4xx_ll_gpio.h", "C++", -193, 0, 0, 0, 0, -734, -68, -995
"h:\ZHUOZHUOO--Github\DreamChaser-Arm\Software\DC_Arm_Controller\Drivers\STM32G4xx_HAL_Driver\Inc\stm32g4xx_ll_lpuart.h", "C++", -835, 0, 0, 0, 0, -1576, -248, -2659
"h:\ZHUOZHUOO--Github\DreamChaser-Arm\Software\DC_Arm_Controller\Drivers\STM32G4xx_HAL_Driver\Inc\stm32g4xx_ll_pwr.h", "C++", -516, 0, 0, 0, 0, -920, -169, -1605
"h:\ZHUOZHUOO--Github\DreamChaser-Arm\Software\DC_Arm_Controller\Drivers\STM32G4xx_HAL_Driver\Inc\stm32g4xx_ll_rcc.h", "C++", -911, 0, 0, 0, 0, -1837, -261, -3009
"h:\ZHUOZHUOO--Github\DreamChaser-Arm\Software\DC_Arm_Controller\Drivers\STM32G4xx_HAL_Driver\Inc\stm32g4xx_ll_spi.h", "C++", -671, 0, 0, 0, 0, -1387, -242, -2300
"h:\ZHUOZHUOO--Github\DreamChaser-Arm\Software\DC_Arm_Controller\Drivers\STM32G4xx_HAL_Driver\Inc\stm32g4xx_ll_system.h", "C++", -501, 0, 0, 0, 0, -895, -124, -1520
"h:\ZHUOZHUOO--Github\DreamChaser-Arm\Software\DC_Arm_Controller\Drivers\STM32G4xx_HAL_Driver\Inc\stm32g4xx_ll_tim.h", "C++", -2015, 0, 0, 0, 0, -4250, -460, -6725
"h:\ZHUOZHUOO--Github\DreamChaser-Arm\Software\DC_Arm_Controller\Drivers\STM32G4xx_HAL_Driver\Inc\stm32g4xx_ll_usart.h", "C++", -1274, 0, 0, 0, 0, -2764, -362, -4400
"h:\ZHUOZHUOO--Github\DreamChaser-Arm\Software\DC_Arm_Controller\Drivers\STM32G4xx_HAL_Driver\Inc\stm32g4xx_ll_usb.h", "C++", -90, 0, 0, 0, 0, -92, -62, -244
"h:\ZHUOZHUOO--Github\DreamChaser-Arm\Software\DC_Arm_Controller\Drivers\STM32G4xx_HAL_Driver\Inc\stm32g4xx_ll_utils.h", "C++", -87, 0, 0, 0, 0, -195, -48, -330
"h:\ZHUOZHUOO--Github\DreamChaser-Arm\Software\DC_Arm_Controller\Drivers\STM32G4xx_HAL_Driver\Src\stm32g4xx_hal.c", "C", 0, -267, 0, 0, 0, -440, -91, -798
"h:\ZHUOZHUOO--Github\DreamChaser-Arm\Software\DC_Arm_Controller\Drivers\STM32G4xx_HAL_Driver\Src\stm32g4xx_hal_adc.c", "C", 0, -1714, 0, 0, 0, -1568, -435, -3717
"h:\ZHUOZHUOO--Github\DreamChaser-Arm\Software\DC_Arm_Controller\Drivers\STM32G4xx_HAL_Driver\Src\stm32g4xx_hal_adc_ex.c", "C", 0, -1121, 0, 0, 0, -956, -308, -2385
"h:\ZHUOZHUOO--Github\DreamChaser-Arm\Software\DC_Arm_Controller\Drivers\STM32G4xx_HAL_Driver\Src\stm32g4xx_hal_cortex.c", "C", 0, -131, 0, 0, 0, -357, -54, -542
"h:\ZHUOZHUOO--Github\DreamChaser-Arm\Software\DC_Arm_Controller\Drivers\STM32G4xx_HAL_Driver\Src\stm32g4xx_hal_dma.c", "C", 0, -472, 0, 0, 0, -460, -179, -1111
"h:\ZHUOZHUOO--Github\DreamChaser-Arm\Software\DC_Arm_Controller\Drivers\STM32G4xx_HAL_Driver\Src\stm32g4xx_hal_dma_ex.c", "C", 0, -100, 0, 0, 0, -154, -45, -299
"h:\ZHUOZHUOO--Github\DreamChaser-Arm\Software\DC_Arm_Controller\Drivers\STM32G4xx_HAL_Driver\Src\stm32g4xx_hal_exti.c", "C", 0, -267, 0, 0, 0, -273, -100, -640
"h:\ZHUOZHUOO--Github\DreamChaser-Arm\Software\DC_Arm_Controller\Drivers\STM32G4xx_HAL_Driver\Src\stm32g4xx_hal_fdcan.c", "C", 0, -1696, 0, 0, 0, -1393, -458, -3547
"h:\ZHUOZHUOO--Github\DreamChaser-Arm\Software\DC_Arm_Controller\Drivers\STM32G4xx_HAL_Driver\Src\stm32g4xx_hal_flash.c", "C", 0, -306, 0, 0, 0, -382, -107, -795
"h:\ZHUOZHUOO--Github\DreamChaser-Arm\Software\DC_Arm_Controller\Drivers\STM32G4xx_HAL_Driver\Src\stm32g4xx_hal_flash_ex.c", "C", 0, -732, 0, 0, 0, -524, -176, -1432
"h:\ZHUOZHUOO--Github\DreamChaser-Arm\Software\DC_Arm_Controller\Drivers\STM32G4xx_HAL_Driver\Src\stm32g4xx_hal_flash_ramfunc.c", "C", 0, -80, 0, 0, 0, -133, -41, -254
"h:\ZHUOZHUOO--Github\DreamChaser-Arm\Software\DC_Arm_Controller\Drivers\STM32G4xx_HAL_Driver\Src\stm32g4xx_hal_gpio.c", "C", 0, -188, 0, 0, 0, -282, -63, -533
"h:\ZHUOZHUOO--Github\DreamChaser-Arm\Software\DC_Arm_Controller\Drivers\STM32G4xx_HAL_Driver\Src\stm32g4xx_hal_pcd.c", "C", 0, -1209, 0, 0, 0, -700, -348, -2257
"h:\ZHUOZHUOO--Github\DreamChaser-Arm\Software\DC_Arm_Controller\Drivers\STM32G4xx_HAL_Driver\Src\stm32g4xx_hal_pcd_ex.c", "C", 0, -142, 0, 0, 0, -146, -44, -332
"h:\ZHUOZHUOO--Github\DreamChaser-Arm\Software\DC_Arm_Controller\Drivers\STM32G4xx_HAL_Driver\Src\stm32g4xx_hal_pwr.c", "C", 0, -136, 0, 0, 0, -440, -77, -653
"h:\ZHUOZHUOO--Github\DreamChaser-Arm\Software\DC_Arm_Controller\Drivers\STM32G4xx_HAL_Driver\Src\stm32g4xx_hal_pwr_ex.c", "C", 0, -539, 0, 0, 0, -480, -164, -1183
"h:\ZHUOZHUOO--Github\DreamChaser-Arm\Software\DC_Arm_Controller\Drivers\STM32G4xx_HAL_Driver\Src\stm32g4xx_hal_rcc.c", "C", 0, -651, 0, 0, 0, -587, -163, -1401
"h:\ZHUOZHUOO--Github\DreamChaser-Arm\Software\DC_Arm_Controller\Drivers\STM32G4xx_HAL_Driver\Src\stm32g4xx_hal_rcc_ex.c", "C", 0, -1036, 0, 0, 0, -584, -254, -1874
"h:\ZHUOZHUOO--Github\DreamChaser-Arm\Software\DC_Arm_Controller\Drivers\STM32G4xx_HAL_Driver\Src\stm32g4xx_hal_spi.c", "C", 0, -2601, 0, 0, 0, -1355, -517, -4473
"h:\ZHUOZHUOO--Github\DreamChaser-Arm\Software\DC_Arm_Controller\Drivers\STM32G4xx_HAL_Driver\Src\stm32g4xx_hal_spi_ex.c", "C", 0, -20, 0, 0, 0, -79, -14, -113
"h:\ZHUOZHUOO--Github\DreamChaser-Arm\Software\DC_Arm_Controller\Drivers\STM32G4xx_HAL_Driver\Src\stm32g4xx_hal_tim.c", "C", 0, -4235, 0, 0, 0, -2786, -1102, -8123
"h:\ZHUOZHUOO--Github\DreamChaser-Arm\Software\DC_Arm_Controller\Drivers\STM32G4xx_HAL_Driver\Src\stm32g4xx_hal_tim_ex.c", "C", 0, -1648, 0, 0, 0, -1581, -458, -3687
"h:\ZHUOZHUOO--Github\DreamChaser-Arm\Software\DC_Arm_Controller\Drivers\STM32G4xx_HAL_Driver\Src\stm32g4xx_hal_uart.c", "C", 0, -2403, 0, 0, 0, -1654, -639, -4696
"h:\ZHUOZHUOO--Github\DreamChaser-Arm\Software\DC_Arm_Controller\Drivers\STM32G4xx_HAL_Driver\Src\stm32g4xx_hal_uart_ex.c", "C", 0, -352, 0, 0, 0, -537, -154, -1043
"h:\ZHUOZHUOO--Github\DreamChaser-Arm\Software\DC_Arm_Controller\Drivers\STM32G4xx_HAL_Driver\Src\stm32g4xx_ll_adc.c", "C", 0, -914, 0, 0, 0, -401, -105, -1420
"h:\ZHUOZHUOO--Github\DreamChaser-Arm\Software\DC_Arm_Controller\Drivers\STM32G4xx_HAL_Driver\Src\stm32g4xx_ll_usb.c", "C", 0, -491, 0, 0, 0, -298, -122, -911
"h:\ZHUOZHUOO--Github\DreamChaser-Arm\Software\DC_Arm_Controller\MDK-ARM\DSP_Lib\Include\arm_common_tables.h", "C++", -82, 0, 0, 0, 0, -44, -11, -137
"h:\ZHUOZHUOO--Github\DreamChaser-Arm\Software\DC_Arm_Controller\MDK-ARM\DSP_Lib\Include\arm_const_structs.h", "C++", -32, 0, 0, 0, 0, -41, -7, -80
"h:\ZHUOZHUOO--Github\DreamChaser-Arm\Software\DC_Arm_Controller\MDK-ARM\DSP_Lib\Include\arm_math.h", "C++", -2923, 0, 0, 0, 0, -3203, -1029, -7155
"h:\ZHUOZHUOO--Github\DreamChaser-Arm\Software\DC_Arm_Controller\MDK-ARM\DSP_Lib\Include\cmsis_armcc.h", "C++", -280, 0, 0, 0, 0, -331, -124, -735
"h:\ZHUOZHUOO--Github\DreamChaser-Arm\Software\DC_Arm_Controller\MDK-ARM\DSP_Lib\Include\cmsis_armcc_V6.h", "C++", -882, 0, 0, 0, 0, -554, -365, -1801
"h:\ZHUOZHUOO--Github\DreamChaser-Arm\Software\DC_Arm_Controller\MDK-ARM\DSP_Lib\Include\cmsis_gcc.h", "C++", -736, 0, 0, 0, 0, -359, -279, -1374
"h:\ZHUOZHUOO--Github\DreamChaser-Arm\Software\DC_Arm_Controller\MDK-ARM\DSP_Lib\Include\core_cm0.h", "C++", -372, 0, 0, 0, 0, -263, -164, -799
"h:\ZHUOZHUOO--Github\DreamChaser-Arm\Software\DC_Arm_Controller\MDK-ARM\DSP_Lib\Include\core_cm0plus.h", "C++", -444, 0, 0, 0, 0, -280, -191, -915
"h:\ZHUOZHUOO--Github\DreamChaser-Arm\Software\DC_Arm_Controller\MDK-ARM\DSP_Lib\Include\core_cm3.h", "C++", -952, 0, 0, 0, 0, -425, -387, -1764
"h:\ZHUOZHUOO--Github\DreamChaser-Arm\Software\DC_Arm_Controller\MDK-ARM\DSP_Lib\Include\core_cm4.h", "C++", -1076, 0, 0, 0, 0, -441, -421, -1938
"h:\ZHUOZHUOO--Github\DreamChaser-Arm\Software\DC_Arm_Controller\MDK-ARM\DSP_Lib\Include\core_cm7.h", "C++", -1439, 0, 0, 0, 0, -536, -538, -2513
"h:\ZHUOZHUOO--Github\DreamChaser-Arm\Software\DC_Arm_Controller\MDK-ARM\DSP_Lib\Include\core_cmFunc.h", "C++", -23, 0, 0, 0, 0, -49, -16, -88
"h:\ZHUOZHUOO--Github\DreamChaser-Arm\Software\DC_Arm_Controller\MDK-ARM\DSP_Lib\Include\core_cmInstr.h", "C++", -24, 0, 0, 0, 0, -48, -16, -88
"h:\ZHUOZHUOO--Github\DreamChaser-Arm\Software\DC_Arm_Controller\MDK-ARM\DSP_Lib\Include\core_cmSimd.h", "C++", -29, 0, 0, 0, 0, -49, -19, -97
"h:\ZHUOZHUOO--Github\DreamChaser-Arm\Software\DC_Arm_Controller\MDK-ARM\DSP_Lib\Include\core_sc000.h", "C++", -442, 0, 0, 0, 0, -291, -194, -927
"h:\ZHUOZHUOO--Github\DreamChaser-Arm\Software\DC_Arm_Controller\MDK-ARM\DSP_Lib\Include\core_sc300.h", "C++", -939, 0, 0, 0, 0, -424, -383, -1746
"h:\ZHUOZHUOO--Github\DreamChaser-Arm\Software\DC_Arm_Controller\MDK-ARM\JLinkSettings.ini", "Ini", 0, 0, -46, 0, 0, 0, -1, -47
"h:\ZHUOZHUOO--Github\DreamChaser-Arm\Software\DC_Arm_Controller\MDK-ARM\OLED.c", "C", 0, -208, 0, 0, 0, -42, -19, -269
"h:\ZHUOZHUOO--Github\DreamChaser-Arm\Software\DC_Arm_Controller\MDK-ARM\OLED.h", "C++", 0, 0, 0, 0, 0, 0, -1, -1
"h:\ZHUOZHUOO--Github\DreamChaser-Arm\Software\DC_Arm_Controller\MDK-ARM\OLED_Periph.c", "C", 0, -8, 0, 0, 0, -19, -9, -36
"h:\ZHUOZHUOO--Github\DreamChaser-Arm\Software\DC_Arm_Controller\MDK-ARM\OLED_Periph.h", "C++", -18, 0, 0, 0, 0, -1, -5, -24
"h:\ZHUOZHUOO--Github\DreamChaser-Arm\Software\DC_Arm_Controller\MDK-ARM\RTE\_Master_Controller\RTE_Components.h", "C++", -4, 0, 0, 0, 0, -10, -7, -21
"h:\ZHUOZHUOO--Github\DreamChaser-Arm\Software\DC_Arm_Controller\MDK-ARM\startup_stm32g474xx.s", "Assembly", 0, 0, 0, 0, -408, -43, -35, -486
"h:\ZHUOZHUOO--Github\DreamChaser-Arm\Software\DC_Arm_Controller\Middlewares\Third_Party\FreeRTOS\Source\CMSIS_RTOS_V2\cmsis_os.h", "C++", -385, 0, 0, 0, 0, -333, -129, -847
"h:\ZHUOZHUOO--Github\DreamChaser-Arm\Software\DC_Arm_Controller\Middlewares\Third_Party\FreeRTOS\Source\CMSIS_RTOS_V2\cmsis_os2.c", "C", 0, -1894, 0, 0, 0, -185, -404, -2483
"h:\ZHUOZHUOO--Github\DreamChaser-Arm\Software\DC_Arm_Controller\Middlewares\Third_Party\FreeRTOS\Source\CMSIS_RTOS_V2\cmsis_os2.h", "C++", -275, 0, 0, 0, 0, -319, -141, -735
"h:\ZHUOZHUOO--Github\DreamChaser-Arm\Software\DC_Arm_Controller\Middlewares\Third_Party\FreeRTOS\Source\CMSIS_RTOS_V2\freertos_mpool.h", "C++", -27, 0, 0, 0, 0, -27, -10, -64
"h:\ZHUOZHUOO--Github\DreamChaser-Arm\Software\DC_Arm_Controller\Middlewares\Third_Party\FreeRTOS\Source\CMSIS_RTOS_V2\freertos_os2.h", "C++", -97, 0, 0, 0, 0, -193, -21, -311
"h:\ZHUOZHUOO--Github\DreamChaser-Arm\Software\DC_Arm_Controller\Middlewares\Third_Party\FreeRTOS\Source\croutine.c", "C", 0, -179, 0, 0, 0, -117, -58, -354
"h:\ZHUOZHUOO--Github\DreamChaser-Arm\Software\DC_Arm_Controller\Middlewares\Third_Party\FreeRTOS\Source\event_groups.c", "C", 0, -457, 0, 0, 0, -181, -116, -754
"h:\ZHUOZHUOO--Github\DreamChaser-Arm\Software\DC_Arm_Controller\Middlewares\Third_Party\FreeRTOS\Source\include\FreeRTOS.h", "C++", -797, 0, 0, 0, 0, -262, -237, -1296
"h:\ZHUOZHUOO--Github\DreamChaser-Arm\Software\DC_Arm_Controller\Middlewares\Third_Party\FreeRTOS\Source\include\StackMacros.h", "C++", -65, 0, 0, 0, 0, -47, -22, -134
"h:\ZHUOZHUOO--Github\DreamChaser-Arm\Software\DC_Arm_Controller\Middlewares\Third_Party\FreeRTOS\Source\include\atomic.h", "C++", -169, 0, 0, 0, 0, -193, -53, -415
"h:\ZHUOZHUOO--Github\DreamChaser-Arm\Software\DC_Arm_Controller\Middlewares\Third_Party\FreeRTOS\Source\include\croutine.h", "C++", -68, 0, 0, 0, 0, -629, -24, -721
"h:\ZHUOZHUOO--Github\DreamChaser-Arm\Software\DC_Arm_Controller\Middlewares\Third_Party\FreeRTOS\Source\include\deprecated_definitions.h", "C++", -180, 0, 0, 0, 0, -38, -62, -280
"h:\ZHUOZHUOO--Github\DreamChaser-Arm\Software\DC_Arm_Controller\Middlewares\Third_Party\FreeRTOS\Source\include\event_groups.h", "C++", -45, 0, 0, 0, 0, -684, -29, -758
"h:\ZHUOZHUOO--Github\DreamChaser-Arm\Software\DC_Arm_Controller\Middlewares\Third_Party\FreeRTOS\Source\include\list.h", "C++", -97, 0, 0, 0, 0, -279, -37, -413
"h:\ZHUOZHUOO--Github\DreamChaser-Arm\Software\DC_Arm_Controller\Middlewares\Third_Party\FreeRTOS\Source\include\message_buffer.h", "C++", -29, 0, 0, 0, 0, -748, -27, -804
"h:\ZHUOZHUOO--Github\DreamChaser-Arm\Software\DC_Arm_Controller\Middlewares\Third_Party\FreeRTOS\Source\include\mpu_prototypes.h", "C++", -110, 0, 0, 0, 0, -38, -13, -161
"h:\ZHUOZHUOO--Github\DreamChaser-Arm\Software\DC_Arm_Controller\Middlewares\Third_Party\FreeRTOS\Source\include\mpu_wrappers.h", "C++", -119, 0, 0, 0, 0, -48, -23, -190
"h:\ZHUOZHUOO--Github\DreamChaser-Arm\Software\DC_Arm_Controller\Middlewares\Third_Party\FreeRTOS\Source\include\portable.h", "C++", -85, 0, 0, 0, 0, -86, -29, -200
"h:\ZHUOZHUOO--Github\DreamChaser-Arm\Software\DC_Arm_Controller\Middlewares\Third_Party\FreeRTOS\Source\include\projdefs.h", "C++", -68, 0, 0, 0, 0, -40, -17, -125
"h:\ZHUOZHUOO--Github\DreamChaser-Arm\Software\DC_Arm_Controller\Middlewares\Third_Party\FreeRTOS\Source\include\queue.h", "C++", -92, 0, 0, 0, 0, -1512, -52, -1656
"h:\ZHUOZHUOO--Github\DreamChaser-Arm\Software\DC_Arm_Controller\Middlewares\Third_Party\FreeRTOS\Source\include\semphr.h", "C++", -59, 0, 0, 0, 0, -1052, -30, -1141
"h:\ZHUOZHUOO--Github\DreamChaser-Arm\Software\DC_Arm_Controller\Middlewares\Third_Party\FreeRTOS\Source\include\stack_macros.h", "C++", -62, 0, 0, 0, 0, -47, -21, -130
"h:\ZHUOZHUOO--Github\DreamChaser-Arm\Software\DC_Arm_Controller\Middlewares\Third_Party\FreeRTOS\Source\include\stream_buffer.h", "C++", -55, 0, 0, 0, 0, -777, -28, -860
"h:\ZHUOZHUOO--Github\DreamChaser-Arm\Software\DC_Arm_Controller\Middlewares\Third_Party\FreeRTOS\Source\include\task.h", "C++", -194, 0, 0, 0, 0, -2246, -104, -2544
"h:\ZHUOZHUOO--Github\DreamChaser-Arm\Software\DC_Arm_Controller\Middlewares\Third_Party\FreeRTOS\Source\include\timers.h", "C++", -71, 0, 0, 0, 0, -1197, -42, -1310
"h:\ZHUOZHUOO--Github\DreamChaser-Arm\Software\DC_Arm_Controller\Middlewares\Third_Party\FreeRTOS\Source\list.c", "C", 0, -73, 0, 0, 0, -94, -32, -199
"h:\ZHUOZHUOO--Github\DreamChaser-Arm\Software\DC_Arm_Controller\Middlewares\Third_Party\FreeRTOS\Source\portable\MemMang\heap_4.c", "C", 0, -288, 0, 0, 0, -138, -67, -493
"h:\ZHUOZHUOO--Github\DreamChaser-Arm\Software\DC_Arm_Controller\Middlewares\Third_Party\FreeRTOS\Source\portable\RVDS\ARM_CM4F\port.c", "C", 0, -356, 0, 0, 0, -309, -124, -789
"h:\ZHUOZHUOO--Github\DreamChaser-Arm\Software\DC_Arm_Controller\Middlewares\Third_Party\FreeRTOS\Source\portable\RVDS\ARM_CM4F\portmacro.h", "C++", -132, 0, 0, 0, 0, -75, -46, -253
"h:\ZHUOZHUOO--Github\DreamChaser-Arm\Software\DC_Arm_Controller\Middlewares\Third_Party\FreeRTOS\Source\queue.c", "C", 0, -1910, 0, 0, 0, -645, -391, -2946
"h:\ZHUOZHUOO--Github\DreamChaser-Arm\Software\DC_Arm_Controller\Middlewares\Third_Party\FreeRTOS\Source\stream_buffer.c", "C", 0, -831, 0, 0, 0, -259, -174, -1264
"h:\ZHUOZHUOO--Github\DreamChaser-Arm\Software\DC_Arm_Controller\Middlewares\Third_Party\FreeRTOS\Source\tasks.c", "C", 0, -3192, 0, 0, 0, -1341, -778, -5311
"h:\ZHUOZHUOO--Github\DreamChaser-Arm\Software\DC_Arm_Controller\Middlewares\Third_Party\FreeRTOS\Source\timers.c", "C", 0, -680, 0, 0, 0, -283, -165, -1128
"h:\ZHUOZHUOO--Github\DreamChaser-Arm\Software\DC_Arm_Controller\keilkill.bat", "Batch", 0, 0, 0, -25, 0, -1, -1, -27
"Total", "-", -76981, -34493, -46, -25, -408, -91399, -30029, -233381