"filename", "language", "C++", "C", "comment", "blank", "total"
"h:\ZHUOZHUOO--Github\DreamChaser-Arm\Software\DC_Arm_Controller\MDK-ARM\USER\Algorithm\alg_kf.c", "C", 0, 174, 69, 32, 275
"h:\ZHUOZHUOO--Github\DreamChaser-Arm\Software\DC_Arm_Controller\MDK-ARM\USER\Algorithm\alg_kf.h", "C++", 56, 0, 8, 13, 77
"h:\ZHUOZHUOO--Github\DreamChaser-Arm\Software\DC_Arm_Controller\MDK-ARM\USER\Algorithm\alg_pid.c", "C", 0, 291, 49, 35, 375
"h:\ZHUOZHUOO--Github\DreamChaser-Arm\Software\DC_Arm_Controller\MDK-ARM\USER\Algorithm\alg_pid.h", "C++", 103, 0, 8, 19, 130
"h:\ZHUOZHUOO--Github\DreamChaser-Arm\Software\DC_Arm_Controller\MDK-ARM\USER\Algorithm\alg_qekf.c", "C", 0, 286, 81, 59, 426
"h:\ZHUOZHUOO--Github\DreamChaser-Arm\Software\DC_Arm_Controller\MDK-ARM\USER\Algorithm\alg_qekf.h", "C++", 48, 0, 8, 15, 71
"h:\ZHUOZHUOO--Github\DreamChaser-Arm\Software\DC_Arm_Controller\MDK-ARM\USER\Algorithm\alg_swf.c", "C", 0, 18, 0, 8, 26
"h:\ZHUOZHUOO--Github\DreamChaser-Arm\Software\DC_Arm_Controller\MDK-ARM\USER\Algorithm\alg_swf.h", "C++", 13, 0, 0, 6, 19
"h:\ZHUOZHUOO--Github\DreamChaser-Arm\Software\DC_Arm_Controller\MDK-ARM\USER\Library\lib_buff.c", "C", 0, 49, 52, 10, 111
"h:\ZHUOZHUOO--Github\DreamChaser-Arm\Software\DC_Arm_Controller\MDK-ARM\USER\Library\lib_buff.h", "C++", 20, 0, 8, 7, 35
"h:\ZHUOZHUOO--Github\DreamChaser-Arm\Software\DC_Arm_Controller\MDK-ARM\USER\Library\lib_crc.c", "C", 0, 120, 49, 10, 179
"h:\ZHUOZHUOO--Github\DreamChaser-Arm\Software\DC_Arm_Controller\MDK-ARM\USER\Library\lib_crc.h", "C++", 26, 0, 8, 9, 43
"h:\ZHUOZHUOO--Github\DreamChaser-Arm\Software\DC_Arm_Controller\MDK-ARM\USER\Library\lib_filter.c", "C", 0, 57, 39, 7, 103
"h:\ZHUOZHUOO--Github\DreamChaser-Arm\Software\DC_Arm_Controller\MDK-ARM\USER\Library\lib_filter.h", "C++", 39, 0, 8, 12, 59
"h:\ZHUOZHUOO--Github\DreamChaser-Arm\Software\DC_Arm_Controller\MDK-ARM\USER\Library\lib_math.c", "C", 0, 136, 63, 14, 213
"h:\ZHUOZHUOO--Github\DreamChaser-Arm\Software\DC_Arm_Controller\MDK-ARM\USER\Library\lib_math.h", "C++", 66, 0, 21, 12, 99
"h:\ZHUOZHUOO--Github\DreamChaser-Arm\Software\DC_Arm_Controller\MDK-ARM\USER\Main\DC_Arm_Comm.c", "C", 0, 115, 3, 8, 126
"h:\ZHUOZHUOO--Github\DreamChaser-Arm\Software\DC_Arm_Controller\MDK-ARM\USER\Main\DC_Arm_Comm.h", "C", 0, 35, 2, 12, 49
"h:\ZHUOZHUOO--Github\DreamChaser-Arm\Software\DC_Arm_Controller\MDK-ARM\USER\Main\DC_Arm_Control.c", "C", 0, 122, 0, 19, 141
"h:\ZHUOZHUOO--Github\DreamChaser-Arm\Software\DC_Arm_Controller\MDK-ARM\USER\Main\DC_Arm_Control.h", "C", 0, 49, 0, 10, 59
"h:\ZHUOZHUOO--Github\DreamChaser-Arm\Software\DC_Arm_Controller\MDK-ARM\USER\OLED\bmp.h", "C++", 221, 0, 59, 7, 287
"h:\ZHUOZHUOO--Github\DreamChaser-Arm\Software\DC_Arm_Controller\MDK-ARM\USER\OLED\gui.c", "C", 0, 521, 300, 25, 846
"h:\ZHUOZHUOO--Github\DreamChaser-Arm\Software\DC_Arm_Controller\MDK-ARM\USER\OLED\gui.h", "C++", 20, 0, 47, 3, 70
"h:\ZHUOZHUOO--Github\DreamChaser-Arm\Software\DC_Arm_Controller\MDK-ARM\USER\OLED\oled.c", "C", 0, 197, 144, 45, 386
"h:\ZHUOZHUOO--Github\DreamChaser-Arm\Software\DC_Arm_Controller\MDK-ARM\USER\OLED\oled.h", "C++", 34, 0, 54, 11, 99
"h:\ZHUOZHUOO--Github\DreamChaser-Arm\Software\DC_Arm_Controller\MDK-ARM\USER\OLED\oled_spi.c", "C", 0, 19, 54, 2, 75
"h:\ZHUOZHUOO--Github\DreamChaser-Arm\Software\DC_Arm_Controller\MDK-ARM\USER\OLED\oled_spi.h", "C++", 11, 0, 53, 6, 70
"h:\ZHUOZHUOO--Github\DreamChaser-Arm\Software\DC_Arm_Controller\MDK-ARM\USER\OLED\oledfont.h", "C++", 277, 0, 169, 12, 458
"h:\ZHUOZHUOO--Github\DreamChaser-Arm\Software\DC_Arm_Controller\MDK-ARM\USER\OLED\sys.c", "C", 0, 5, 0, 4, 9
"h:\ZHUOZHUOO--Github\DreamChaser-Arm\Software\DC_Arm_Controller\MDK-ARM\USER\OLED\sys.h", "C++", 37, 0, 8, 19, 64
"h:\ZHUOZHUOO--Github\DreamChaser-Arm\Software\DC_Arm_Controller\MDK-ARM\USER\Peripheral\AD8402_Periph.c", "C", 0, 41, 0, 10, 51
"h:\ZHUOZHUOO--Github\DreamChaser-Arm\Software\DC_Arm_Controller\MDK-ARM\USER\Peripheral\AD8402_Periph.h", "C++", 38, 0, 4, 17, 59
"h:\ZHUOZHUOO--Github\DreamChaser-Arm\Software\DC_Arm_Controller\MDK-ARM\USER\Peripheral\LM25145_Periph.c", "C", 0, 15, 0, 5, 20
"h:\ZHUOZHUOO--Github\DreamChaser-Arm\Software\DC_Arm_Controller\MDK-ARM\USER\Peripheral\LM25145_Periph.h", "C++", 18, 0, 0, 9, 27
"h:\ZHUOZHUOO--Github\DreamChaser-Arm\Software\DC_Arm_Controller\MDK-ARM\USER\Peripheral\WS2812_Periph.c", "C", 0, 32, 2, 13, 47
"h:\ZHUOZHUOO--Github\DreamChaser-Arm\Software\DC_Arm_Controller\MDK-ARM\USER\Peripheral\WS2812_Periph.h", "C++", 21, 0, 0, 9, 30
"h:\ZHUOZHUOO--Github\DreamChaser-Arm\Software\DC_Arm_Controller\MDK-ARM\USER\System\sys_dwt.c", "C", 0, 118, 8, 25, 151
"h:\ZHUOZHUOO--Github\DreamChaser-Arm\Software\DC_Arm_Controller\MDK-ARM\USER\System\sys_dwt.h", "C++", 39, 0, 8, 12, 59
"h:\ZHUOZHUOO--Github\DreamChaser-Arm\Software\DC_Arm_Controller\MDK-ARM\USER\Utility\util_adc.c", "C", 0, 1, 0, 2, 3
"h:\ZHUOZHUOO--Github\DreamChaser-Arm\Software\DC_Arm_Controller\MDK-ARM\USER\Utility\util_adc.h", "C++", 12, 0, 0, 6, 18
"h:\ZHUOZHUOO--Github\DreamChaser-Arm\Software\DC_Arm_Controller\MDK-ARM\USER\Utility\util_fdcan.c", "C", 0, 40, 0, 10, 50
"h:\ZHUOZHUOO--Github\DreamChaser-Arm\Software\DC_Arm_Controller\MDK-ARM\USER\Utility\util_fdcan.h", "C++", 15, 0, 1, 6, 22
"h:\ZHUOZHUOO--Github\DreamChaser-Arm\Software\DC_Arm_Controller\MDK-ARM\USER\Utility\util_gpio.c", "C", 0, 27, 33, 9, 69
"h:\ZHUOZHUOO--Github\DreamChaser-Arm\Software\DC_Arm_Controller\MDK-ARM\USER\Utility\util_gpio.h", "C++", 24, 0, 8, 8, 40
"h:\ZHUOZHUOO--Github\DreamChaser-Arm\Software\DC_Arm_Controller\MDK-ARM\USER\Utility\util_pwm.c", "C", 0, 53, 37, 7, 97
"h:\ZHUOZHUOO--Github\DreamChaser-Arm\Software\DC_Arm_Controller\MDK-ARM\USER\Utility\util_pwm.h", "C++", 31, 0, 8, 10, 49
"h:\ZHUOZHUOO--Github\DreamChaser-Arm\Software\DC_Arm_Controller\MDK-ARM\USER\Utility\util_spi.c", "C", 0, 105, 74, 18, 197
"h:\ZHUOZHUOO--Github\DreamChaser-Arm\Software\DC_Arm_Controller\MDK-ARM\USER\Utility\util_spi.h", "C++", 21, 0, 8, 8, 37
"h:\ZHUOZHUOO--Github\DreamChaser-Arm\Software\DC_Arm_Controller\MDK-ARM\USER\Utility\util_uart.c", "C", 0, 96, 72, 16, 184
"h:\ZHUOZHUOO--Github\DreamChaser-Arm\Software\DC_Arm_Controller\MDK-ARM\USER\Utility\util_uart.h", "C++", 19, 0, 8, 7, 34
"h:\ZHUOZHUOO--Github\DreamChaser-Arm\Software\DC_Arm_Controller\MDK-ARM\USER\configure.h", "C++", 3, 0, 7, 3, 13
"Total", "-", 1212, 2722, 1642, 661, 6237